{
    "pages": [ //pages数组中第一项表示应用启动页，参考：https://uniapp.dcloud.io/collocation/pages
        {
            "path": "pages/index/index",
            "style": {
                "navigationBarTitleText": "广城生活帮",
                "enablePullDownRefresh": true

            }
        },
        {
            "path": "pages/school/school",
            "style": {
                "navigationBarTitleText": "广城生活帮",
                "enablePullDownRefresh": true
            }
        },
        {
            "path": "pages/jia/jia",
            "style": {
                "navigationBarTitleText": "广城生活帮",
                "enablePullDownRefresh": true
            }
        },
        {
            "path": "pages/fenlei/fenlei",
            "style": {
                "navigationBarTitleText": "广城生活帮",
                "enablePullDownRefresh": true
            }
        },
        {
            "path": "pages/mine/mine",
            "style": {
                "navigationBarTitleText": "广城生活帮"
            }
        }

    ],
    "globalStyle": {
        "navigationBarTextStyle": "white",
        "navigationBarTitleText": "广城生活帮",
        "navigationBarBackgroundColor": "#528f8e",
        "backgroundColor": "#cadf2a",
        "titlePenetrate": "YES"
    },
    "tabBar": {
        "color": "#fff",
        "selectedColor": "#fff",
        "borderStyle": "white",
        "backgroundColor": "#65a29f",
        "iconWidth": "50rpx",
        "fontSize": "25rpx",
        "list": [{
                "pagePath": "pages/index/index",
                "iconPath": "static/home.png",
                "selectedIconPath": "static/home__.png",
                "text": "首页"
            },
            {
                "pagePath": "pages/school/school",
                "iconPath": "static/job.png",
                "selectedIconPath": "static/job_.png",
                "text": "校园"
            },
            {
                "pagePath": "pages/jia/jia",
                "iconPath": "static/icon_添加.png",
                "selectedIconPath": "static/加.png",
                "text": "我要发布"
            },
            {
                "pagePath": "pages/fenlei/fenlei",
                "iconPath": "static/分类---.png",
                "selectedIconPath": "static/分类——————.png",
                "text": "分类"
            },

            {
                "pagePath": "pages/mine/mine",
                "iconPath": "static/mine.png",
                "selectedIconPath": "static/mine_.png",
                "text": "我的"
            }
        ]
    },
	"uniIdRouter": {}
}